Timestamp,Origin,Category,User,Operation,Result,Description
10/30/2014 10:22 AM,Local,System,<SYSTEM>,PowerOn,Success,
10/30/2014 10:23 AM,IP_127.0.0.1,RemoteConfiguration,admin,Login,Failure,Incorrect password
10/30/2014 10:23 AM,IP_127.0.0.1,RemoteConfiguration,admin,Login,Failure,Incorrect password
10/30/2014 10:23 AM,IP_127.0.0.1,RemoteConfiguration,admin,Login,Failure,Incorrect password
10/30/2014 10:23 AM,Local,System,<SYSTEM>,PowerOff,Success,
10/30/2014 10:27 AM,Local,System,<SYSTEM>,PowerOn,Success,
10/30/2014 10:28 AM,Local,System,<SYSTEM>,PowerOff,Success,
10/30/2014 10:28 AM,Local,System,<SYSTEM>,PowerOn,Success,
10/30/2014 10:29 AM,Local,System,<SYSTEM>,PowerOff,Success,
10/30/2014 10:31 AM,Local,System,<SYSTEM>,PowerOn,Success,
10/30/2014 10:31 AM,Local,DeviceSettings,admin,Login,Success,
10/30/2014 10:31 AM,Local,DeviceSettings,admin,Logout,Success,
10/30/2014 10:31 AM,IP_127.0.0.1,RemoteConfiguration,admin,Login,Success,
10/30/2014 10:33 AM,Local,System,<SYSTEM>,PowerOff,Success,
